track_id,genres,artist_name,explicit,tempo,release_date,energy,key,popularity,duration_ms,mode,time_signature,album_name,speechiness,danceability,valence,acousticness,liveness,instrumentalness,loudness,song_name,audio_profile_score,matched_taste_cluster,genre_preference_score,personalized_score,spotify_url
7s4USejbr9Kqj7PpG8Yh6J,"['dance pop', 'pop', 'pop rap']",Taio Cruz,False,119.92,2010-01-01,0.687,1.0,32.0,,1.0,4.0,Rokstarr,0.0643,0.719,0.544,0.021,0.109,0.0,-5.923,Dirty Picture,0.9622221440076828,2,0.6362926548501134,0.897036246176169,https://open.spotify.com/track/7s4USejbr9Kqj7PpG8Yh6J
0TJvCwVLIjUe2W4Chmy22v,"['dance pop', 'pop', 'pop rap', 'post-teen pop']",Unknown Artist,False,163.962,2010-01-01,0.837,11.0,13.0,,0.0,4.0,Neon,0.0786,0.638,0.476,0.0816,0.315,0.0,-6.501,Miss Popular,0.9603806013862292,4,0.6362926548501134,0.8955630120790061,https://open.spotify.com/track/0TJvCwVLIjUe2W4Chmy22v
2YrVQLZ9tsRwscXxgq646O,"['dance pop', 'pop', 'pop dance', 'pop rap']",Unknown Artist,False,107.026,2016-05-06,0.806,8.0,28.0,,0.0,4.0,"At Night, Alone.",0.0633,0.717,0.519,0.0901,0.156,0.0,-8.348,Not That Simple - Kyle Tree Remix,0.9580666273832321,2,0.6450273318008386,0.8954587682667535,https://open.spotify.com/track/2YrVQLZ9tsRwscXxgq646O
00qyVgLK2j92HYoFaNCnVD,"['dance pop', 'pop', 'pop rap']",Unknown Artist,False,119.923,2010-01-01,0.669,1.0,40.0,,1.0,4.0,The Rokstarr Hits Collection,0.0723,0.714,0.54,0.016,0.11,0.0,-6.461,Dirty Picture,0.9594629829128584,2,0.6362926548501134,0.8948289173003094,https://open.spotify.com/track/00qyVgLK2j92HYoFaNCnVD
3IAErgL8mZnj4rypSBYnBr,"['dance pop', 'gangster rap', 'hip hop', 'pop rap', 'r&b', 'rap', 'southern hip hop', 'trap', 'urban contemporary']",Unknown Artist,True,160.229,2011-12-02,0.682,10.0,0.0,,1.0,4.0,rEVOLVEr (Deluxe Version),0.0936,0.682,0.513,0.125,0.222,0.0,-5.243,Look at Her Go (feat. Chris Brown),0.9626804292201996,4,0.6225046180087715,0.894645266977914,https://open.spotify.com/track/3IAErgL8mZnj4rypSBYnBr
0prbvDtiY8FrZKEj8LF4Rs,"['dfw rap', 'melodic rap', 'pop', 'rap']",Post Malone,False,100.924,2022-06-03,0.681,5.0,58.0,,1.0,4.0,Twelve Carat Toothache,0.0745,0.736,0.481,0.106,0.12,0.0,-6.063,I Like You (A Happier Song) (with Doja Cat),0.9759854773680369,2,0.5688151481260303,0.8945514115196356,https://open.spotify.com/track/0prbvDtiY8FrZKEj8LF4Rs
0GWYApQBwErVPkyXYCTJjI,"['dance pop', 'girl group', 'pop']",The Pussycat Dolls,False,120.014,2020-02-07,0.74,10.0,0.0,204176.0,0.0,4.0,React,0.0697,0.745,0.544,0.116,0.117,0.0,-5.719,React,0.9770476371049881,2,0.5628452510562199,0.8942071598952345,https://open.spotify.com/track/0GWYApQBwErVPkyXYCTJjI
5YHtQaUrOdKHeyDPHvVa6x,"['dance pop', 'pop']",Unknown Artist,False,132.75,1985-02-14,0.46,0.0,40.0,,0.0,4.0,Whitney Houston (The Deluxe Anniversary Edition),0.0276,0.587,0.3,0.512,0.14,0.0,-11.357,All at Once,0.9736528396606445,0,0.5628452510562199,0.8914913219397597,https://open.spotify.com/track/5YHtQaUrOdKHeyDPHvVa6x
0mVapHj1zhlVpHChhXRWc3,"['dance pop', 'pop', 'talent show']",Kelly Clarkson,False,112.058,2019-04-26,0.732,8.0,38.0,,1.0,4.0,UglyDolls (Original Motion Picture Soundtrack),0.0366,0.73,0.546,0.0823,0.0757,0.0,-2.556,Broken & Beautiful,0.9684106906255087,2,0.5628452510562199,0.8872976027116509,https://open.spotify.com/track/0mVapHj1zhlVpHChhXRWc3
5u1kFWItrvidV7dEDa3j1T,"['dance pop', 'pop', 'urban contemporary']",Unknown Artist,False,117.527,2015-05-15,0.503,1.0,34.0,,1.0,4.0,#1 to Infinity,0.0338,0.496,0.329,0.503,0.105,0.0,-6.433,Against All Odds (Take A Look at Me Now) (feat. Westlife),0.9682139530777931,0,0.5628452510562199,0.8871402126734785,https://open.spotify.com/track/5u1kFWItrvidV7dEDa3j1T
19JdbdEwQI7bCxefMokZO8,"['dance pop', 'pop', 'pop rap']",Unknown Artist,False,123.95,2005-01-01,0.682,1.0,67.0,,0.0,4.0,Monkey Business,0.225,0.801,0.586,0.111,0.109,1.56e-05,-5.919,My Humps,0.9475650240977606,1,0.6362926548501134,0.8853105502482312,https://open.spotify.com/track/19JdbdEwQI7bCxefMokZO8
5pNcCymzIlygh7VrOi4h67,"['dance pop', 'pop', 'pop rap']",Unknown Artist,False,123.94,2019-12-06,0.682,1.0,4.0,,0.0,4.0,00s & 10s Classics,0.225,0.802,0.586,0.112,0.109,1.63e-05,-5.919,My Humps,0.9475157757600149,1,0.6362926548501134,0.8852711515780347,https://open.spotify.com/track/5pNcCymzIlygh7VrOi4h67
6PS1YRjdJ5Muakh2oh0UB2,"['dance pop', 'pop', 'urban contemporary']",Mariah Carey,False,117.763,2000-08-08,0.498,1.0,58.0,,1.0,4.0,Against All Odds (Take A Look at Me Now) EP,0.0299,0.542,0.218,0.49,0.101,0.0,-6.332,Against All Odds (Take A Look at Me Now) - Mariah Only,0.965465302268664,0,0.5628452510562199,0.8849412920261752,https://open.spotify.com/track/6PS1YRjdJ5Muakh2oh0UB2
20jYtEun4dUdYZ9foaOC48,"['dance pop', 'pop', 'pop rap']",Black Eyed Peas,False,123.95,2005-01-01,0.682,1.0,70.0,,0.0,4.0,Monkey Business,0.222,0.802,0.586,0.111,0.109,1.39e-05,-5.924,My Humps,0.9470846752325693,1,0.6362926548501134,0.8849262711560782,https://open.spotify.com/track/20jYtEun4dUdYZ9foaOC48
04yDiQ6Xdiq8saPsmHOdw3,"['dance pop', 'neo mellow', 'pop']",Colbie Caillat,False,108.991,2023-09-08,0.705,11.0,44.0,,1.0,4.0,I'll Be Here,0.0254,0.642,0.516,0.0765,0.141,8.33e-06,-6.88,I'll Be Here,0.9653268431623777,2,0.5628452510562199,0.8848305247411462,https://open.spotify.com/track/04yDiQ6Xdiq8saPsmHOdw3
2lYTJK94hb0fd1LQtb6Dhk,"['big room', 'dance pop', 'edm', 'pop', 'pop dance']",David Guetta,False,127.95,2018-07-26,0.738,4.0,55.0,,0.0,4.0,Don't Leave Me Alone (feat. Anne-Marie),0.0477,0.659,0.481,0.118,0.115,0.0,-5.072,Don't Leave Me Alone (feat. Anne-Marie),0.9596483384569486,2,0.5773927817191846,0.883197227109396,https://open.spotify.com/track/2lYTJK94hb0fd1LQtb6Dhk
7r5Q8PAJtlwYRoPtlZcOBv,"['canadian pop', 'dance pop', 'pop']",Carly Rae Jepsen,False,109.544,2015-06-24,0.802,5.0,10.0,,0.0,4.0,Emotion,0.0541,0.694,0.513,0.114,0.152,0.0,-4.948,Gimmie Love,0.9622971390684446,2,0.5628452510562199,0.8824067614659997,https://open.spotify.com/track/7r5Q8PAJtlwYRoPtlZcOBv
38TlYe1miTAL6r1FyJj7PS,"['dance pop', 'edm', 'pop', 'pop dance', 'progressive electro house']",Alesso,False,124.995,2016-05-13,0.729,2.0,38.0,,1.0,4.0,I Wanna Know (Alesso & Deniz Koyu Remix),0.0539,0.71,0.532,0.0743,0.0419,3.89e-06,-4.978,I Wanna Know - Alesso & Deniz Koyu Remix,0.9583308299382528,2,0.5773927817191846,0.8821432202944393,https://open.spotify.com/track/38TlYe1miTAL6r1FyJj7PS
2ls70nUDfjzm1lSRDuKxmw,['pop'],Taylor Swift,False,96.009,2014-01-01,0.678,5.0,62.0,,1.0,4.0,1989,0.0646,0.752,0.583,0.085,0.13,1.64e-06,-5.421,Blank Space,0.9705896005034447,2,0.5272890992262464,0.8819295002480051,https://open.spotify.com/track/2ls70nUDfjzm1lSRDuKxmw
38td8VabuKlQt72Q2VnhbO,"['k-pop', 'k-pop boy group', 'pop']",BTS,False,106.022,2018-05-18,0.688,11.0,0.0,230063.0,0.0,4.0,Love Yourself 轉 'Tear',0.0543,0.664,0.65,0.153,0.173,9.14e-05,-6.466,134340,0.9534006615479788,2,0.5960165277690748,0.881923834792198,https://open.spotify.com/track/38td8VabuKlQt72Q2VnhbO
38EgNVoeBZk7OqDgnX7RRE,['pop'],Maroon 5,False,102.049,2019-06-21,0.719,0.0,12.0,,0.0,4.0,00s Music,0.0299,0.7,0.554,0.0544,0.146,0.0,-5.366,She Will Be Loved,0.9701213240623474,2,0.5272890992262464,0.8815548790951272,https://open.spotify.com/track/38EgNVoeBZk7OqDgnX7RRE
4MxGfhE3DKxBhdSWTYvc4h,['pop'],Katy Perry,False,95.98,2013-10-18,0.673,8.0,41.0,,1.0,4.0,PRISM (Deluxe),0.0335,0.724,0.509,0.0951,0.0844,0.0,-4.348,It Takes Two,0.9696493372321129,2,0.5272890992262464,0.8811772896309397,https://open.spotify.com/track/4MxGfhE3DKxBhdSWTYvc4h
2UN0lp72LAusrXi8LLVomt,"['pop', 'singer-songwriter pop', 'uk pop']",Ed Sheeran,False,95.055,2022-04-22,0.643,4.0,63.0,,0.0,4.0,2step (feat. Lil Baby),0.0828,0.693,0.477,0.138,0.108,0.0,-5.867,2step (feat. Lil Baby),0.9642072667678198,2,0.5459216973235,0.8805501528789559,https://open.spotify.com/track/2UN0lp72LAusrXi8LLVomt
1ZGmHLgYlD0IBdvCbOd1bI,"['dance pop', 'pop', 'pop rap']",Timbaland,False,122.953,2009-01-01,0.697,1.0,42.0,,0.0,4.0,Shock Value II (International Deluxe version),0.0468,0.745,0.433,0.00724,0.109,0.0141,-8.537,Marchin On (Featuring OneRepublic) - Timbo Version,0.9415562997261683,2,0.6362926548501134,0.8805035707509574,https://open.spotify.com/track/1ZGmHLgYlD0IBdvCbOd1bI
1j7gu39Ww3OiSUAVyCAJ6V,"['dance pop', 'pop', 'pop rap']",Black Eyed Peas,False,131.936,2022-09-01,0.816,8.0,22.0,,0.0,4.0,Don't You Worry (Farruko Remix),0.0368,0.76,0.505,0.0652,0.169,0.00372,-3.928,Don't You Worry - Farruko Remix,0.9413807094097137,2,0.6362926548501134,0.8803630984977937,https://open.spotify.com/track/1j7gu39Ww3OiSUAVyCAJ6V
6YIez8GxRdbHyViQA8DkyE,"['dance pop', 'pop', 'pop rap', 'post-teen pop']",Jay Sean,False,124.024,2009-01-11,0.644,0.0,34.0,,0.0,4.0,Tonight,0.0397,0.846,0.509,0.0408,0.113,0.0,-6.461,Tonight - Radio Edit,0.9413024683793386,2,0.6362926548501134,0.8803005056734936,https://open.spotify.com/track/6YIez8GxRdbHyViQA8DkyE
68v24wjrcfccKa7XDGlAEJ,"['dance pop', 'pop']",Fergie,False,91.97,2007-01-01,0.693,0.0,19.0,,1.0,4.0,Clumsy (Collipark Remix),0.0333,0.648,0.515,0.091,0.0705,3.41e-05,-6.251,Clumsy - Pajon Rock MIx,0.957519938548406,2,0.5628452510562199,0.8785850010499688,https://open.spotify.com/track/68v24wjrcfccKa7XDGlAEJ
3tvWMBIblzT5FSjKtIeRR1,"['atl hip hop', 'dirty south rap', 'gangster rap', 'hip hop', 'pop rap', 'rap', 'southern hip hop', 'trap']",T.I.,True,150.053,2008-09-08,0.687,9.0,0.0,,0.0,4.0,Paper Trail,0.0709,0.68,0.467,0.0161,0.261,0.0,-6.162,Whatever You Like,0.9596327642599741,4,0.5531966994800214,0.8783455513039836,https://open.spotify.com/track/3tvWMBIblzT5FSjKtIeRR1
7Hv89f7Dpm5Hce1XkBbjQZ,"['dance pop', 'pop', 'urban contemporary']",Jennifer Lopez,False,129.998,2011-01-01,0.68,11.0,0.0,,1.0,4.0,On The Floor,0.0932,0.765,0.462,0.0953,0.138,0.0009,-6.306,On The Floor - Radio Edit,0.9570690939823786,2,0.5628452510562199,0.8782243253971469,https://open.spotify.com/track/7Hv89f7Dpm5Hce1XkBbjQZ
24cfZ0kvR6EhXBJ8hLpbY9,"['dance pop', 'pop', 'pop dance', 'pop rap']",Mike Posner,False,102.008,2015-07-24,0.807,7.0,0.0,,0.0,4.0,I Took A Pill In Ibiza (Seeb Remix),0.0732,0.679,0.658,0.0382,0.106,2.85e-05,-4.644,I Took A Pill In Ibiza - Seeb Remix,0.9354887356360754,2,0.6450273318008386,0.8773964548690281,https://open.spotify.com/track/24cfZ0kvR6EhXBJ8hLpbY9
55mqjVWJDJ3AWxln12e3ro,"['dance pop', 'pop']",Britney Spears,False,101.942,2016,0.591,9.0,0.0,,0.0,4.0,Glory (Deluxe Version),0.0451,0.751,0.563,0.0734,0.108,1.82e-05,-7.091,Just Like Me,0.9555149873097738,2,0.5628452510562199,0.8769810400590631,https://open.spotify.com/track/55mqjVWJDJ3AWxln12e3ro
0jeCoIGrGhw8lnkd5YF0qB,"['pop', 'r&b', 'rap']",Kehlani,False,108.511,2022-04-29,0.442,0.0,44.0,,0.0,4.0,blue water road,0.0537,0.533,0.379,0.54,0.104,6.46e-06,-6.003,get me started (feat. syd),0.959510733683904,0,0.5460225466655976,0.8768130962802428,https://open.spotify.com/track/0jeCoIGrGhw8lnkd5YF0qB
1CmmRxVeqXDdqbSoPy1XgV,"['dance pop', 'dancehall', 'pop', 'pop rap']",Sean Paul,False,120.015,2011-10-31,0.776,7.0,28.0,,0.0,4.0,She Doesn't Mind,0.0693,0.718,0.622,0.000624,0.207,5.3e-06,-5.208,She Doesn't Mind,0.9366895606120428,2,0.6362926548501134,0.876610179459657,https://open.spotify.com/track/1CmmRxVeqXDdqbSoPy1XgV
7JGoiIouGqreRXOrHFAIyr,"['dance pop', 'pop']",Britney Spears,False,123.001,2020-12-11,0.695,7.0,54.0,,0.0,4.0,Glory (Deluxe),0.112,0.697,0.588,0.161,0.221,0.0,-6.631,Make Me... (feat. G-Eazy),0.9543989449739456,2,0.5628452510562199,0.8760882061904005,https://open.spotify.com/track/7JGoiIouGqreRXOrHFAIyr
3gfC7gmHyxAuv2NjVMRMuU,"['dance pop', 'pop', 'post-teen pop']",Pia Mia,False,117.892,2015-10-30,0.651,7.0,0.0,,0.0,4.0,Touch,0.0763,0.78,0.606,0.0432,0.112,0.000429,-4.626,Touch,0.9541873782873154,2,0.5628452510562199,0.8759189528410963,https://open.spotify.com/track/3gfC7gmHyxAuv2NjVMRMuU
6cy3ki60hLwimwIje7tALf,"['dance pop', 'pop', 'pop rap']",Black Eyed Peas,True,104.994,2019-10-12,0.716,10.0,71.0,221714.0,0.0,4.0,RITMO (Bad Boys For Life),0.0657,0.721,0.667,0.0334,0.237,0.00084,-7.037,RITMO (Bad Boys For Life),0.9354591568311056,2,0.6362926548501134,0.8756258564349072,https://open.spotify.com/track/6cy3ki60hLwimwIje7tALf
2JvWoj5bTklsb6fPzRfZ3x,"['art pop', 'candy pop', 'metropopolis', 'pop', 'uk pop']",Charli XCX,True,107.061,2021-11-04,0.74,0.0,38.0,,1.0,4.0,New Shapes (feat. Christine and the Queens and Caroline Polachek),0.0552,0.735,0.553,0.111,0.032,0.0,-4.929,New Shapes (feat. Christine and the Queens and Caroline Polachek),0.9625553116202354,2,0.5272890992262464,0.8755020691414377,https://open.spotify.com/track/2JvWoj5bTklsb6fPzRfZ3x
5RBpjLAvyLfBHnf3TtB47W,"['dance pop', 'edm', 'pop', 'pop dance', 'progressive electro house']",Alesso,False,121.98,2021-03-19,0.65,6.0,0.0,,0.0,4.0,Going Dumb,0.0593,0.834,0.479,0.151,0.152,0.0,-4.855,Going Dumb (with Stray Kids),0.9498769193887711,2,0.5773927817191846,0.8753800918548539,https://open.spotify.com/track/5RBpjLAvyLfBHnf3TtB47W
0UOF9AAyS8H9iCWmePj29w,"['hip hop', 'philly rap', 'pop rap', 'rap', 'southern hip hop', 'trap']",Meek Mill,True,139.944,2018-11-30,0.701,1.0,42.0,,1.0,4.0,Championships,0.159,0.703,0.556,0.147,0.27,0.0,-4.764,Stuck in My Ways,0.9556864152352015,4,0.5531966994800214,0.8751884720841655,https://open.spotify.com/track/0UOF9AAyS8H9iCWmePj29w
5J1vxba3jtIW9s8fQdf0rh,"['hip pop', 'pop', 'queens hip hop', 'rap']",Nicki Minaj,True,114.208,2023-03-30,0.686,6.0,35.0,,0.0,4.0,Red Ruby Da Sleeze (Sped Up),0.301,0.714,0.38,0.0932,0.171,4.27e-06,-9.07,Red Ruby Da Sleeze - Sped Up,0.9515128086010615,1,0.5688151481260303,0.8749732765060554,https://open.spotify.com/track/5J1vxba3jtIW9s8fQdf0rh
4wOu5IoSblQbhBqF8zwodl,"['dance pop', 'neo mellow', 'pop']",Colbie Caillat,False,127.922,2007-01-01,0.477,9.0,0.0,,1.0,4.0,Coco,0.0379,0.574,0.249,0.624,0.11,0.0,-6.676,Bubbly,0.9528057823578516,0,0.5628452510562199,0.8748136760975254,https://open.spotify.com/track/4wOu5IoSblQbhBqF8zwodl
36naJUGTa5nfjyhbkUwH1y,"['canadian contemporary r&b', 'canadian pop', 'pop']",The Weeknd,False,107.96,2023-10-15,0.774,9.0,19.0,,0.0,4.0,Summer Holiday Music,0.041,0.71,0.61,0.117,0.0967,0.0,-5.511,Can't Feel My Face,0.9614637767275175,2,0.5272890992262464,0.8746288412272633,https://open.spotify.com/track/36naJUGTa5nfjyhbkUwH1y
6n0KwBRfQX2O5CPAfdcD6a,"['gangster rap', 'hip hop', 'pop rap', 'rap', 'southern hip hop', 'trap']",ScHoolboy Q,True,122.006,2013-01-01,0.642,9.0,0.0,,1.0,4.0,Yay Yay,0.0451,0.788,0.465,0.086,0.0974,0.0,-4.906,Yay Yay,0.9549325307210287,2,0.5531966994800214,0.8745853644728273,https://open.spotify.com/track/6n0KwBRfQX2O5CPAfdcD6a
3hqJdqziOPbu422kXaOyII,['pop'],Sabrina Carpenter,False,107.978,2015-04-14,0.678,2.0,39.0,,1.0,4.0,Eyes Wide Open,0.0401,0.649,0.528,0.0407,0.156,0.0,-6.233,Right Now,0.9612670789162318,2,0.5272890992262464,0.8744714829782347,https://open.spotify.com/track/3hqJdqziOPbu422kXaOyII
6aHCXTCkPiB4zgXKpB7BHS,"['k-pop', 'k-pop boy group', 'pop']",BTS,False,121.972,2018-08-24,0.761,5.0,0.0,,0.0,4.0,Love Yourself 結 'Answer',0.0897,0.761,0.483,0.246,0.103,0.0,-5.721,Trivia 承 : Love,0.9439240247011185,2,0.5960165277690748,0.8743425253147098,https://open.spotify.com/track/6aHCXTCkPiB4zgXKpB7BHS
0KxU9wjCedUxSGdjuFdBDu,"['dance pop', 'pop', 'pop rap']",Black Eyed Peas,True,112.989,2003-06-24,0.717,2.0,70.0,,1.0,4.0,Elephunk,0.266,0.805,0.582,0.0669,0.248,0.0,-3.956,Shut Up,0.9328869730234146,1,0.6362926548501134,0.8735681093887544,https://open.spotify.com/track/0KxU9wjCedUxSGdjuFdBDu
1nRA1PmMNZMv4BMV4Je8uK,"['dance pop', 'dancehall', 'pop', 'pop rap']",Sean Paul,False,115.028,2017-01-27,0.846,0.0,51.0,,1.0,4.0,No Lie (Remixes),0.14,0.809,0.574,0.0924,0.164,0.0,-3.727,No Lie - Sam Feldt Remix,0.9325452148914337,2,0.6362926548501134,0.8732947028831697,https://open.spotify.com/track/1nRA1PmMNZMv4BMV4Je8uK
1kLDhqeTHG7HbwATI4Q7xX,"['detroit hip hop', 'gangster rap', 'hip hop', 'pop rap', 'rap', 'southern hip hop', 'trap']",The Game,True,141.914,2022-08-12,0.593,6.0,0.0,,0.0,4.0,DRILLMATIC Heart vs. Mind,0.312,0.693,0.429,0.166,0.0863,2.9e-06,-6.792,K.I.L.L.A.S. (Feat. Cam’ron),0.9532314936319987,1,0.5531966994800214,0.8732245348016032,https://open.spotify.com/track/1kLDhqeTHG7HbwATI4Q7xX
2SUxn2O9NHL6GHGQFgwCY0,"['pop', 'singer-songwriter pop', 'uk pop']",Ed Sheeran,False,95.002,2021-10-29,0.661,4.0,66.0,,0.0,4.0,=,0.056,0.763,0.632,0.169,0.117,0.0,-5.592,2step,0.9549902826547623,2,0.5459216973235,0.87317656558851,https://open.spotify.com/track/2SUxn2O9NHL6GHGQFgwCY0
7KW3XQV5Or5CF57MYVj5h4,"['canadian pop', 'dance pop', 'pop']",Carly Rae Jepsen,False,123.449,2019-05-17,0.633,6.0,45.0,,1.0,4.0,Dedicated,0.0362,0.699,0.458,0.0453,0.101,0.0,-6.547,Party For One,0.9507538576920828,2,0.5628452510562199,0.8731721363649102,https://open.spotify.com/track/7KW3XQV5Or5CF57MYVj5h4
4TCTT2yHCnTeYDdqih93wz,"['dance pop', 'pop', 'urban contemporary']",Mariah Carey,False,128.225,1998-11-17,0.48,1.0,23.0,,1.0,4.0,#1's,0.0317,0.567,0.299,0.368,0.0768,0.0,-9.522,One Sweet Day,0.9498027910788854,0,0.5628452510562199,0.8724112830743523,https://open.spotify.com/track/4TCTT2yHCnTeYDdqih93wz
59o6ojGNGJOYiVJSzC6Lsa,"['big room', 'dance pop', 'edm', 'pop', 'pop dance']",David Guetta,True,127.043,2021-01-08,0.783,5.0,73.0,,0.0,4.0,Memories (feat. Kid Cudi) [2021 Remix],0.0551,0.709,0.648,0.108,0.103,4.1e-05,-5.944,Memories (feat. Kid Cudi) - 2021 Remix,0.9458248913288116,2,0.5773927817191846,0.8721384694068863,https://open.spotify.com/track/59o6ojGNGJOYiVJSzC6Lsa
6MFsT6EQiCoYDuXsIqIdUn,"['british soul', 'pop', 'pop soul', 'uk pop']",Adele,False,96.992,2008-01-28,0.663,11.0,0.0,,1.0,4.0,19,0.0486,0.801,0.552,0.181,0.0945,0.000547,-6.29,Tired,0.9580841114123663,2,0.5272890992262464,0.8719251089751423,https://open.spotify.com/track/6MFsT6EQiCoYDuXsIqIdUn
1t0vAaGdqsFVpMJiyOX5Qx,"['dance pop', 'miami hip hop', 'pop']",Pitbull,False,135.955,2021-05-21,0.759,7.0,13.0,,1.0,4.0,R&B Summer 2021,0.156,0.668,0.539,0.0334,0.204,0.0,-3.589,Feel This Moment (feat. Christina Aguilera),0.9490189701318741,4,0.5628452510562199,0.8717842263167432,https://open.spotify.com/track/1t0vAaGdqsFVpMJiyOX5Qx
5CJQMw0y824OWaQJSlszY5,"['piano rock', 'pop']",OneRepublic,False,120.998,2021-08-27,0.494,0.0,41.0,,1.0,4.0,Human (Deluxe),0.0297,0.575,0.207,0.565,0.156,0.0,-7.487,Someday - Acoustic,0.9578138540188471,0,0.5272890992262464,0.871708903060327,https://open.spotify.com/track/5CJQMw0y824OWaQJSlszY5
2vfgmmnUDkZNs75AJm7lev,"['k-pop', 'k-pop boy group', 'pop']",Stray Kids,False,98.026,2020-03-18,0.814,4.0,53.0,,0.0,4.0,SKZ2020,0.0793,0.772,0.531,0.0179,0.0808,0.0,-4.295,Question,0.9400225877761841,2,0.5960165277690748,0.8712213757747623,https://open.spotify.com/track/2vfgmmnUDkZNs75AJm7lev
0kvbYSkCbu4NaukfKTsSh8,"['dance pop', 'pop']",Cher,False,108.721,1999-01-01,0.589,11.0,0.0,,1.0,4.0,If I Could Turn Back Time - Cher's Greatest Hits,0.0261,0.698,0.499,0.18,0.0747,0.0,-8.661,If I Could Turn Back Time,0.9481052607297897,2,0.5628452510562199,0.8710532587950758,https://open.spotify.com/track/0kvbYSkCbu4NaukfKTsSh8
43Chgzj3f4l6W6iyIT3j4B,"['british soul', 'pop', 'pop soul', 'uk pop']",Adele,False,96.997,2008-01-28,0.673,11.0,0.0,,1.0,4.0,19,0.047,0.803,0.552,0.191,0.0953,0.000646,-6.338,Tired,0.9567044079303741,2,0.5272890992262464,0.8708213461895487,https://open.spotify.com/track/43Chgzj3f4l6W6iyIT3j4B
70dWrqAp30TmWeibQkn0i7,"['dance pop', 'pop', 'pop rap']",LMFAO,False,130.023,2011,0.727,5.0,0.0,,0.0,4.0,Party Rock Anthem,0.151,0.741,0.37,0.0205,0.264,0.0,-4.174,Party Rock Anthem,0.9293929288784663,4,0.6362926548501134,0.8707728740727958,https://open.spotify.com/track/70dWrqAp30TmWeibQkn0i7
5LHTgByvupvwtTfxOqW4Xw,"['big room', 'dance pop', 'edm', 'pop', 'pop dance']",David Guetta,False,171.801,2018-09-14,0.676,11.0,39.0,,0.0,4.0,7,0.156,0.629,0.441,0.112,0.396,0.0,-5.413,She Knows How to Love Me (feat. Jess Glynne & Stefflon Don),0.9423023909330368,4,0.5773927817191846,0.8693204690902665,https://open.spotify.com/track/5LHTgByvupvwtTfxOqW4Xw
27BJvohzeadNRclYHPV3Gl,"['dance pop', 'girl group', 'pop']",The Pussycat Dolls,False,129.438,2008,0.796,10.0,0.0,,0.0,4.0,Doll Domination (Revised International Version),0.0626,0.634,0.613,0.062,0.265,0.0,-4.11,Hush Hush; Hush Hush,0.9457492132981619,4,0.5628452510562199,0.8691684208497735,https://open.spotify.com/track/27BJvohzeadNRclYHPV3Gl
36aoiqTQcBGDb7bAO3n5XO,"['canadian contemporary r&b', 'canadian pop', 'pop']",The Weeknd,False,108.283,2022-01-07,0.599,1.0,40.0,,1.0,4.0,Dawn FM (Alternate World),0.297,0.742,0.573,0.0962,0.0981,0.000578,-8.796,Out of Time - KAYTRANADA Remix,0.9539866745471954,1,0.5272890992262464,0.8686471594830056,https://open.spotify.com/track/36aoiqTQcBGDb7bAO3n5XO
4Rrj1QxDqsj28gv9SiHQRA,"['canadian contemporary r&b', 'canadian pop', 'pop']",The Weeknd,False,108.283,2022-04-22,0.599,1.0,47.0,,1.0,4.0,Out Of Time (Remix Bundle),0.297,0.742,0.573,0.0962,0.0981,0.000578,-8.796,Out of Time - KAYTRANADA Remix,0.9539866745471954,1,0.5272890992262464,0.8686471594830056,https://open.spotify.com/track/4Rrj1QxDqsj28gv9SiHQRA
7Ki0hse0IfXEcXUlpyECbJ,"['k-pop', 'k-pop boy group', 'pop']",BTS,False,121.953,2020-11-20,0.605,8.0,65.0,,1.0,4.0,BE,0.0415,0.547,0.364,0.42,0.125,0.0,-6.755,Blue & Grey,0.9361639817555746,0,0.5960165277690748,0.8681344909582747,https://open.spotify.com/track/7Ki0hse0IfXEcXUlpyECbJ
4y1F0A5GeyDN5EdAIggqTB,"['hip pop', 'pop']",Meghan Trainor,False,135.814,2020-01-31,0.468,1.0,42.0,,0.0,4.0,TREAT MYSELF,0.0429,0.631,0.338,0.48,0.213,0.0,-7.919,Workin' On It (feat. Lennon Stella & Sasha Alex Sloan),0.9529589712619781,0,0.5272890992262464,0.8678249968548318,https://open.spotify.com/track/4y1F0A5GeyDN5EdAIggqTB
6CO62sXA0V1JhdgE7E2VeW,"['metropopolis', 'modern rock', 'pop']",Bastille,False,127.435,2013-01-01,0.715,9.0,0.0,,1.0,4.0,Bad Blood,0.0407,0.679,0.571,0.0755,0.271,0.0,-6.383,Pompeii,0.9525705873966217,4,0.5272890992262464,0.8675142897625466,https://open.spotify.com/track/6CO62sXA0V1JhdgE7E2VeW
4Ub8UsjWuewQrPhuepfVpd,"['metropopolis', 'modern rock', 'pop']",Bastille,False,127.435,2013-01-01,0.715,9.0,75.0,,1.0,4.0,All This Bad Blood,0.0407,0.679,0.571,0.0755,0.271,0.0,-6.383,Pompeii,0.9525705873966217,4,0.5272890992262464,0.8675142897625466,https://open.spotify.com/track/4Ub8UsjWuewQrPhuepfVpd
0xcl9XT60Siji6CSG4y6nb,"['dance pop', 'miami hip hop', 'pop', 'pop rap']",Flo Rida,False,127.98,2010-06-28,0.882,0.0,57.0,,1.0,4.0,Club Can't Handle Me,0.0322,0.623,0.525,0.0205,0.194,0.0,-2.574,Club Can't Handle Me (feat. David Guetta) - From the Step Up 3D Soundtrack,0.9248723934094111,4,0.6362926548501134,0.8671564456975516,https://open.spotify.com/track/0xcl9XT60Siji6CSG4y6nb
3TEn1VNiGYYoTF7yecJaRF,"['dance pop', 'neo mellow', 'pop']",Colbie Caillat,False,125.854,2009,0.365,1.0,21.0,,1.0,4.0,Breakthrough (Deluxe Edition),0.038,0.591,0.165,0.485,0.0666,0.0,-7.31,Fearless,0.9426706930001577,0,0.5628452510562199,0.8667056046113701,https://open.spotify.com/track/3TEn1VNiGYYoTF7yecJaRF
5OnnaY5GVSYdmwYx40g1kL,"['atl hip hop', 'dirty south rap', 'hip hop', 'pop rap', 'rap', 'southern hip hop', 'trap']",Gucci Mane,True,149.981,2017-11-24,0.623,10.0,19.0,,0.0,4.0,Dope (Remix) [feat. Bankroll Fresh],0.288,0.718,0.522,0.0425,0.182,0.0,-8.757,Dope (Remix) (feat. Bankroll Fresh),0.9448956996202469,1,0.5531966994800214,0.8665558995922018,https://open.spotify.com/track/5OnnaY5GVSYdmwYx40g1kL
3IzdgfOLxHdjB4qGgW82sP,"['dance pop', 'edm', 'pop', 'pop dance']",Galantis,False,128.029,2021-09-03,0.839,1.0,30.0,,1.0,4.0,Heartbreak Anthem (with David Guetta & Little Mix) [Remixes],0.0494,0.694,0.583,0.0342,0.308,0.0,-3.905,Heartbreak Anthem (with David Guetta & Little Mix) - Misha K & Galantis Gold Rush VIP,0.9385696997245153,4,0.5773927817191846,0.8663343161234492,https://open.spotify.com/track/3IzdgfOLxHdjB4qGgW82sP
6dEnpbXyamib2EJnRhTt0G,"['dance pop', 'pop']",Justin Timberlake,True,101.985,2013-03-15,0.596,11.0,0.0,,0.0,4.0,The 20/20 Experience,0.219,0.795,0.357,0.103,0.164,0.0,-3.799,Suit & Tie,0.94151371717453,1,0.5628452510562199,0.8657800239508681,https://open.spotify.com/track/6dEnpbXyamib2EJnRhTt0G
7I8tomzL7OFXyGt1HAKyb9,"['bedroom pop', 'pop', 'pov: indie']",Conan Gray,False,135.996,2020-03-20,0.414,0.0,42.0,,1.0,4.0,Kid Krow,0.0314,0.494,0.244,0.592,0.0639,0.0,-6.504,The Cut That Always Bleeds,0.9503353983163834,0,0.5272890992262464,0.865726138498356,https://open.spotify.com/track/7I8tomzL7OFXyGt1HAKyb9
6EYSO8eKxrUmTT5ENU9kLI,"['dance pop', 'pop', 'pop rap']",LMFAO,False,130.012,2019-11-01,0.733,5.0,28.0,,0.0,4.0,Good Morning Music: Pop Throwbacks,0.141,0.744,0.34,0.019,0.26,0.0,-4.061,Party Rock Anthem,0.9229287356138229,4,0.6362926548501134,0.8656015194610811,https://open.spotify.com/track/6EYSO8eKxrUmTT5ENU9kLI
0zFComc9VzjCKWm4PSbIJk,"['dance pop', 'metropopolis', 'pop', 'swedish electropop', 'swedish pop', 'swedish synthpop']",Tove Lo,True,187.901,2019-09-20,0.766,2.0,55.0,,1.0,4.0,Sunshine Kitty,0.127,0.654,0.521,0.0178,0.28,2.37e-05,-5.48,Equally Lost (feat. Doja Cat),0.940626417597135,4,0.5628452510562199,0.865070184288952,https://open.spotify.com/track/0zFComc9VzjCKWm4PSbIJk
6wZYxok5OMWAZh8r91vFEL,"['dance pop', 'edm', 'pop', 'pop dance', 'progressive electro house']",Alesso,False,126.003,2015-05-26,0.81,4.0,43.0,,1.0,4.0,Forever,0.0337,0.526,0.519,0.0597,0.303,2.11e-05,-2.299,Scars,0.936858077843984,4,0.5773927817191846,0.8649650186190242,https://open.spotify.com/track/6wZYxok5OMWAZh8r91vFEL
6XkEw1h2Hq4fGnSm0JuSIs,"['girl group', 'pop', 'talent show', 'uk pop']",Little Mix,False,123.751,2018-11-16,0.542,11.0,50.0,,0.0,4.0,LM5 (Deluxe),0.341,0.677,0.46,0.0729,0.213,0.0,-7.01,Strip (feat. Sharaya J),0.948953241109848,1,0.5272890992262464,0.8646204127331277,https://open.spotify.com/track/6XkEw1h2Hq4fGnSm0JuSIs
2aI2k39nfa3KFsa4JclQzw,"['k-pop', 'k-pop girl group', 'pop']",BLACKPINK,False,139.931,2018-06-15,0.859,4.0,0.0,209355.0,0.0,4.0,SQUARE UP,0.0833,0.671,0.39,0.0313,0.267,0.0,-3.922,DDU-DU DDU-DU,0.9380672673384348,4,0.5707651011325184,0.8646068340972517,https://open.spotify.com/track/2aI2k39nfa3KFsa4JclQzw
69BIczdH6QMnFx7dsSssN8,"['k-pop', 'k-pop girl group', 'pop']",BLACKPINK,False,139.931,2018-06-15,0.859,4.0,67.0,,0.0,4.0,SQUARE UP,0.0833,0.671,0.39,0.0313,0.267,0.0,-3.922,DDU-DU DDU-DU,0.9380672673384348,4,0.5707651011325184,0.8646068340972517,https://open.spotify.com/track/69BIczdH6QMnFx7dsSssN8
5jAgU2QzailYWu02FzkxsT,"['dance pop', 'pop']",Jason Derulo,False,129.915,2012-05-22,0.835,0.0,36.0,,1.0,4.0,Undefeated,0.0388,0.612,0.549,0.000474,0.293,0.0,-4.158,Undefeated,0.9400138854980469,4,0.5628452510562199,0.8645801586096815,https://open.spotify.com/track/5jAgU2QzailYWu02FzkxsT
5pCxHJHs79pjjY3RZnh22I,"['dance pop', 'pop']",Christina Aguilera,False,137.923,2010-06-04,0.674,4.0,0.0,,1.0,4.0,Bionic (Deluxe Version),0.0371,0.519,0.464,0.0355,0.316,3.93e-05,-5.775,Lift Me Up,0.9399267286062241,4,0.5628452510562199,0.8645104330962232,https://open.spotify.com/track/5pCxHJHs79pjjY3RZnh22I
3tP6QKbXvtrxiDI7QwKyUf,"['k-pop', 'k-pop girl group', 'pop']",BLACKPINK,False,87.959,2016-11-01,0.432,1.0,69.0,,1.0,4.0,SQUARE TWO,0.0357,0.63,0.343,0.551,0.0962,5.84e-06,-6.721,STAY,0.937868058681488,0,0.5707651011325184,0.8644474671716942,https://open.spotify.com/track/3tP6QKbXvtrxiDI7QwKyUf
2thQ8Zi2V8z6XJuCvxHm7V,"['dance pop', 'dancehall', 'pop', 'pop rap']",Sean Paul,False,97.917,2002-11-12,0.78,1.0,0.0,,1.0,4.0,Dutty Rock,0.319,0.757,0.59,0.0811,0.113,0.0,-5.038,Like Glue,0.9213501314322153,1,0.6362926548501134,0.864338636115795,https://open.spotify.com/track/2thQ8Zi2V8z6XJuCvxHm7V
45jYIJVqddvpQzOE04GJ5D,"['hip hop', 'pop rap', 'rap', 'southern hip hop', 'trap']",Tyga,True,87.037,2019-06-07,0.662,7.0,42.0,,0.0,4.0,Legendary,0.254,0.779,0.417,0.0808,0.161,0.0,-5.394,Made Me (feat. Bazzi),0.941732699672381,1,0.5531966994800214,0.8640254996339092,https://open.spotify.com/track/45jYIJVqddvpQzOE04GJ5D
70CuZJtPDdCD3cphDDhjJq,"['dance pop', 'edm', 'electro house', 'house', 'pop', 'pop dance', 'progressive house', 'uk dance']",Calvin Harris,False,128.033,2014-10-20,0.823,2.0,11.0,,0.0,4.0,Outside (feat. Ellie Goulding),0.0394,0.646,0.42,0.211,0.322,0.0,-4.123,Outside (feat. Ellie Goulding),0.9354278345902761,4,0.5773927817191846,0.8638208240160579,https://open.spotify.com/track/70CuZJtPDdCD3cphDDhjJq
4efkPzvYnjnJeVHYlCErmS,"['dance pop', 'dancehall', 'pop', 'pop rap']",Sean Paul,False,110.009,2013-02-14,0.545,1.0,19.0,,0.0,4.0,Full Frequency,0.165,0.869,0.442,0.0262,0.0781,2.47e-05,-5.692,It's Your Life,0.9206285725037257,1,0.6362926548501134,0.8637613889730033,https://open.spotify.com/track/4efkPzvYnjnJeVHYlCErmS
5LBxMvApPk3HdsQdi6DT9L,"['k-pop', 'k-pop girl group', 'pop']",BLACKPINK,False,88.074,2016-11-01,0.433,1.0,0.0,230400.0,1.0,4.0,SQUARE TWO,0.0383,0.628,0.343,0.569,0.104,7.71e-06,-6.808,STAY,0.9368835389614105,0,0.5707651011325184,0.8636598513956322,https://open.spotify.com/track/5LBxMvApPk3HdsQdi6DT9L
1L08JaThhJFfRaovP8ZBIF,"['alt z', 'pop']",FLETCHER,True,104.016,2022-09-16,0.409,1.0,38.0,,0.0,4.0,Girl Of My Dreams,0.0393,0.606,0.262,0.556,0.107,0.0,-7.899,"I Love You, Bitch",0.9577785730361938,0,0.48711620915218334,0.8636461002593918,https://open.spotify.com/track/1L08JaThhJFfRaovP8ZBIF
1LYYsrjs2VIKB8t534B3cm,"['hip hop', 'pop rap', 'rap', 'southern hip hop', 'trap']",French Montana,True,147.123,2019-12-06,0.696,5.0,55.0,,0.0,4.0,MONTANA,0.126,0.762,0.532,0.0172,0.22,1.33e-06,-4.795,No Stylist (feat. Drake),0.9411079635222753,4,0.5531966994800214,0.8635257107138246,https://open.spotify.com/track/1LYYsrjs2VIKB8t534B3cm
1bYubJyLO1fCa6umTXpUeJ,"['dance pop', 'pop', 'post-teen pop']",JoJo,False,86.992,2004-07-19,0.575,5.0,0.0,,1.0,4.0,Jojo,0.22,0.686,0.492,0.169,0.0899,9.11e-05,-6.89,Leave Get Out,0.938459575176239,1,0.5628452510562199,0.8633367103522352,https://open.spotify.com/track/1bYubJyLO1fCa6umTXpUeJ
2VWaX5BNrwyqt12RmwgM4E,"['dance pop', 'pop']",Doja Cat,True,141.252,2019-03-01,0.745,6.0,40.0,,0.0,4.0,Amala (Deluxe Version),0.169,0.556,0.442,0.00184,0.367,0.0,-6.409,Down Low,0.9380182872215906,4,0.5628452510562199,0.8629836799885165,https://open.spotify.com/track/2VWaX5BNrwyqt12RmwgM4E
2BHbnX2TI08CyUa9gWFeqK,"['indietronica', 'metropopolis', 'pop', 'uk pop']",Ellie Goulding,False,104.961,2023-04-07,0.554,8.0,39.0,,1.0,4.0,Higher Than Heaven (Deluxe),0.0498,0.608,0.262,0.464,0.0749,0.000542,-7.725,Better Man,0.9467713534832001,0,0.5272890992262464,0.8628749026318093,https://open.spotify.com/track/2BHbnX2TI08CyUa9gWFeqK
212F3p5TfqMuCxt4IlQXfj,"['dance pop', 'pop', 'post-teen pop']",JoJo,False,86.972,2004-01-01,0.572,5.0,0.0,,1.0,4.0,Leave (Get Out) [UK comm CD2],0.21,0.68,0.468,0.171,0.1,5.79e-05,-6.869,Leave (Get Out) - Radio Edit,0.9373340904712677,1,0.5628452510562199,0.8624363225882582,https://open.spotify.com/track/212F3p5TfqMuCxt4IlQXfj
4D09e1TfOMbuMadTLcl1P6,"['dance pop', 'edm', 'pop', 'pop dance']",Galantis,False,110.291,2020-01-10,0.518,7.0,25.0,,1.0,4.0,Faith (with Dolly Parton) [feat. Mr. Probz] [Acoustic],0.0315,0.557,0.354,0.339,0.0867,0.0,-7.043,Faith (with Dolly Parton) [feat. Mr. Probz] - Acoustic,0.9331021259228388,0,0.5773927817191846,0.8619602570821081,https://open.spotify.com/track/4D09e1TfOMbuMadTLcl1P6
6soWY3t34MMzCEpG4meCfB,"['dance pop', 'pop', 'r&b', 'urban contemporary']",Ne-Yo,False,147.785,2010-01-01,0.68,5.0,30.0,,1.0,4.0,Libra Scale,0.0523,0.614,0.378,0.166,0.229,0.0,-5.19,Telekinesis,0.9420916040738424,4,0.5411481461196068,0.8619029124829953,https://open.spotify.com/track/6soWY3t34MMzCEpG4meCfB
04BbqCiWYLK2uNMX7JWEyZ,"['hip pop', 'pop']",Meghan Trainor,False,146.05,2021-10-29,0.632,8.0,23.0,,1.0,4.0,A Very Trainor Christmas (Deluxe),0.0536,0.559,0.513,0.16,0.253,0.0,-6.34,Rockin' Around The Christmas Tree,0.9450317670901617,4,0.5272890992262464,0.8614832335173787,https://open.spotify.com/track/04BbqCiWYLK2uNMX7JWEyZ
1TYnyC8RLvMF9k6LKZi3pk,"['dance pop', 'neo mellow', 'pop', 'pop rock']",Train,False,109.88,2012-04-17,0.376,7.0,34.0,,1.0,4.0,California 37,0.0276,0.69,0.358,0.456,0.093,0.0,-7.023,Feels Good at First,0.9354749520619711,0,0.5628452510562199,0.8609490118608208,https://open.spotify.com/track/1TYnyC8RLvMF9k6LKZi3pk
3ozttElSI0x31gVQYnRPLs,"['australian dance', 'australian pop', 'pop']",Sia,False,134.351,2017-11-17,0.359,3.0,0.0,,1.0,4.0,Everyday Is Christmas,0.0298,0.586,0.186,0.438,0.0988,0.0,-8.553,Snowflake,0.9442055771748225,0,0.5272890992262464,0.8608222815851073,https://open.spotify.com/track/3ozttElSI0x31gVQYnRPLs
3DxZfFYJLwKDJtUwnLEhkL,"['atl hip hop', 'dirty south rap', 'hip hop', 'pop rap', 'rap', 'southern hip hop', 'trap']",Gucci Mane,True,138.016,2018-03-01,0.54,11.0,39.0,139130.0,0.0,4.0,Solitaire (feat. Migos & Lil Yachty),0.329,0.811,0.436,0.0271,0.106,0.0,-7.977,Solitaire (feat. Migos & Lil Yachty),0.9377136180798212,1,0.5531966994800214,0.8608102343598613,https://open.spotify.com/track/3DxZfFYJLwKDJtUwnLEhkL
1ItdTDx23yt7tIJOZv5iLQ,['pop'],Ava Max,False,145.03,2023-01-27,0.842,0.0,62.0,,0.0,4.0,Diamonds & Dancefloors,0.0357,0.626,0.55,0.014,0.235,0.0,-3.827,One Of Us,0.9440085689226786,4,0.5272890992262464,0.8606646749833922,https://open.spotify.com/track/1ItdTDx23yt7tIJOZv5iLQ
340UVheS8z3ncW9TTUhAbc,"['electropop', 'etherpop', 'indie poptimism', 'pop']",Halsey,True,146.11,2019-05-17,0.622,9.0,63.0,,0.0,4.0,Nightmare,0.0734,0.611,0.538,0.0188,0.359,0.0,-5.075,Nightmare,0.9437570621569952,4,0.5272890992262464,0.8604634695708454,https://open.spotify.com/track/340UVheS8z3ncW9TTUhAbc
539Q6w1M6ANei113ruJ77g,"['australian hip hop', 'dance pop', 'pop']",Iggy Azalea,False,141.816,2019-11-08,0.564,10.0,22.0,,1.0,4.0,Lola,0.18,0.77,0.449,0.0166,0.145,0.0,-9.051,Lola,0.9348561962445577,1,0.5628452510562199,0.8604540072068902,https://open.spotify.com/track/539Q6w1M6ANei113ruJ77g
30XU4suKzCeoCK9YFzdufg,"['art pop', 'dance pop', 'pop']",Lady Gaga,False,123.907,2011-05-23,0.828,11.0,73.0,,1.0,4.0,Born This Way (International Special Edition Version),0.161,0.587,0.494,0.00327,0.331,0.0,-5.108,Born This Way,0.9348155657450358,4,0.5628452510562199,0.8604215028072726,https://open.spotify.com/track/30XU4suKzCeoCK9YFzdufg
3XYRV7ZSHqIRDG87DKTtry,"['k-pop', 'k-pop boy group', 'pop']",BTS,False,124.925,2021-07-23,0.741,9.0,74.0,,1.0,4.0,Permission to Dance,0.0427,0.702,0.646,0.00544,0.337,0.0,-5.33,Permission to Dance,0.9262586385011673,4,0.5960165277690748,0.8602102163547488,https://open.spotify.com/track/3XYRV7ZSHqIRDG87DKTtry
3yNJkriPzWjkkDAWHIAVUq,['pop'],Taylor Swift,False,159.813,2023-07-07,0.488,0.0,68.0,,1.0,4.0,Speak Now (Taylor's Version),0.0278,0.535,0.348,0.449,0.111,0.0,-8.261,Ours (Taylor’s Version),0.9433586249748865,0,0.5272890992262464,0.8601447198251585,https://open.spotify.com/track/3yNJkriPzWjkkDAWHIAVUq
0y1l0SeQaUJ0DZCWvT2R1h,"['dance pop', 'pop']",Madonna,True,150.001,2014-12-20,0.613,10.0,0.0,,0.0,4.0,Bitch I'm Madonna,0.137,0.723,0.506,0.0548,0.188,0.000263,-5.657,Bitch I'm Madonna,0.934436172246933,4,0.5628452510562199,0.8601179880087904,https://open.spotify.com/track/0y1l0SeQaUJ0DZCWvT2R1h
2MIismV15maA5SGddbYxiM,"['hip pop', 'pop']",Meghan Trainor,False,142.87,2021-10-29,0.64,9.0,28.0,,1.0,4.0,A Very Trainor Christmas (Deluxe),0.0846,0.604,0.384,0.0793,0.256,0.0,-6.71,Christmas Coupon,0.9429500997066498,4,0.5272890992262464,0.8598178996105691,https://open.spotify.com/track/2MIismV15maA5SGddbYxiM
68hC01gNja5yqY5JCkV82E,"['modern rock', 'pop', 'rock']",Imagine Dragons,False,142.605,2015-10-16,0.687,2.0,48.0,,0.0,4.0,Smoke + Mirrors (Deluxe),0.0532,0.528,0.423,0.144,0.251,0.0,-5.954,I’m So Sorry,0.9429400116205215,4,0.5272890992262464,0.8598098291416666,https://open.spotify.com/track/68hC01gNja5yqY5JCkV82E
2EGJB8bDbbxtvSgJQLwqK7,['pop'],Anne-Marie,True,112.308,2017-12-15,0.541,2.0,39.0,214471.0,0.0,3.0,Then,0.123,0.543,0.378,0.441,0.106,0.0,-5.164,Then,0.9426143417755762,0,0.5272890992262464,0.8595492932657103,https://open.spotify.com/track/2EGJB8bDbbxtvSgJQLwqK7
0jOfl1nZf6sVBTG08Q4brn,"['atl hip hop', 'hip hop', 'pop rap', 'rap', 'trap']",Migos,True,130.015,2017-04-07,0.727,1.0,0.0,232705.0,1.0,4.0,Culture,0.267,0.852,0.496,0.0962,0.154,0.0,-4.851,Call Casting,0.9451879113912582,1,0.5166660774876056,0.8594835446105278,https://open.spotify.com/track/0jOfl1nZf6sVBTG08Q4brn
4bt7eqP7mfWduRBKEpCAzM,['pop'],Tate McRae,True,106.967,2022-05-27,0.374,5.0,69.0,,1.0,4.0,i used to think i could fly,0.0367,0.663,0.351,0.54,0.101,0.0,-6.987,chaotic,0.9422548512617747,0,0.5272890992262464,0.859261700854669,https://open.spotify.com/track/4bt7eqP7mfWduRBKEpCAzM
2T4u39au5RJzsulMUpRuVr,"['dance pop', 'pop', 'pop rap']",Black Eyed Peas,False,130.0,2009-01-01,0.629,11.0,0.0,,0.0,4.0,THE E.N.D. (THE ENERGY NEVER DIES) [International Version],0.0735,0.798,0.4,0.00474,0.324,2.17e-05,-6.857,Meet Me Halfway,0.9149231314659119,4,0.6362926548501134,0.8591970361427522,https://open.spotify.com/track/2T4u39au5RJzsulMUpRuVr
0xfpx7AiwgSKEtjotea2L6,"['dance pop', 'pop', 'pop rap']",Black Eyed Peas,False,130.0,2009-01-01,0.629,11.0,0.0,,0.0,4.0,THE E.N.D. (THE ENERGY NEVER DIES),0.0735,0.798,0.4,0.00474,0.324,2.17e-05,-6.857,Meet Me Halfway,0.9149231314659119,4,0.6362926548501134,0.8591970361427522,https://open.spotify.com/track/0xfpx7AiwgSKEtjotea2L6
6LUOMjoORvAkdhBYvESO46,"['australian dance', 'australian pop', 'pop']",Sia,False,128.028,2016-10-21,0.789,10.0,65.0,,0.0,4.0,This Is Acting (Deluxe Version),0.0892,0.636,0.4,0.0834,0.391,0.000896,-4.905,Move Your Body - Alan Walker Remix,0.9420081774393717,4,0.5272890992262464,0.8590643617967467,https://open.spotify.com/track/6LUOMjoORvAkdhBYvESO46
0FxPMNbZzXJaCqnImS3EvV,"['dance pop', 'pop', 'urban contemporary']",Jennifer Lopez,False,82.964,1999-06-28,0.544,0.0,0.0,,1.0,4.0,On The 6,0.0335,0.578,0.347,0.493,0.114,0.0,-6.812,No Me Ames - Ballad Version,0.9326349149147669,0,0.5628452510562199,0.8586769821430575,https://open.spotify.com/track/0FxPMNbZzXJaCqnImS3EvV
5dxHF4lrDimKqnI3GaZUmC,"['neo soul', 'pop', 'r&b']",Alicia Keys,False,127.932,2003-12-02,0.465,8.0,58.0,,0.0,4.0,The Diary Of Alicia Keys,0.0317,0.663,0.279,0.555,0.125,0.00183,-9.711,Diary (feat. Tony! Toni! Tone! & Jermaine Paul),0.9550877759853998,0,0.47277286327546,0.8586247934434119,https://open.spotify.com/track/5dxHF4lrDimKqnI3GaZUmC
5oKGMxxBYRUdT7omkdilTx,"['dance pop', 'pop', 'talent show']",Kelly Clarkson,False,139.901,2022-09-30,0.789,1.0,23.0,,0.0,4.0,100 Greatest Christmas Songs Ever,0.0457,0.58,0.572,0.0429,0.146,0.0,-4.918,Christmas Isn't Canceled (Just You),0.9323763897021612,4,0.5628452510562199,0.858470161972973,https://open.spotify.com/track/5oKGMxxBYRUdT7omkdilTx
67g3peWMWu7Vbq7aZNe1Ts,"['atl hip hop', 'hip hop', 'pop rap', 'rap', 'southern hip hop', 'trap']",2 Chainz,True,137.956,2012-01-01,0.633,8.0,39.0,,1.0,4.0,Based On A T.R.U. Story (Deluxe),0.203,0.857,0.467,0.0389,0.227,0.0,-5.205,I Luv Dem Strippers,0.9346818327903748,1,0.5531966994800214,0.8583848061283041,https://open.spotify.com/track/67g3peWMWu7Vbq7aZNe1Ts
2JoIjuzRplpYGvvLpSW2on,"['dance pop', 'edm', 'pop', 'pop dance', 'progressive electro house']",Alesso,False,110.021,2019-06-14,0.693,0.0,48.0,,1.0,4.0,Sad Song (feat. TINI),0.0361,0.734,0.55,0.0878,0.341,0.0,-6.474,Sad Song (feat. TINI),0.92856398721536,4,0.5773927817191846,0.858329746116125,https://open.spotify.com/track/2JoIjuzRplpYGvvLpSW2on
3O3vQqnKFsHD6F3KEoNaSe,"['dance pop', 'pop', 'uk pop']",Rita Ora,False,125.026,2013-02-26,0.874,10.0,0.0,,0.0,4.0,Radioactive,0.0462,0.647,0.543,0.0187,0.27,0.000173,-2.057,Radioactive,0.9320922742287318,4,0.5628452510562199,0.8582428695942295,https://open.spotify.com/track/3O3vQqnKFsHD6F3KEoNaSe
0NWqNXBJTpXbkI5rPWNy3p,"['canadian contemporary r&b', 'canadian pop', 'pop']",The Weeknd,True,120.021,2016-11-25,0.417,8.0,62.0,321026.0,0.0,4.0,Starboy,0.074,0.467,0.171,0.421,0.102,0.000202,-10.614,All I Know,0.9409059286117554,0,0.5272890992262464,0.8581825627346537,https://open.spotify.com/track/0NWqNXBJTpXbkI5rPWNy3p
5spPK7fFkZ81aG2sIEX6bz,"['dance pop', 'idol', 'pop', 'post-teen pop']",Adam Lambert,False,130.006,2023-06-02,0.869,0.0,46.0,,1.0,4.0,High Drama,0.0423,0.64,0.519,0.00327,0.213,3.03e-06,-3.926,You Make Me Feel (Mighty Real),0.9311916182438532,4,0.5628452510562199,0.8575223448063266,https://open.spotify.com/track/5spPK7fFkZ81aG2sIEX6bz
6ZZf5a8oiInHDkBe9zXfLP,"['pop', 'singer-songwriter pop', 'uk pop']",Ed Sheeran,False,175.944,2023-05-05,0.757,6.0,64.0,,0.0,4.0,- (Deluxe),0.0522,0.5,0.443,0.0989,0.324,2.5e-06,-6.542,Curtains,0.9351658324400584,4,0.5459216973235,0.8573170054167467,https://open.spotify.com/track/6ZZf5a8oiInHDkBe9zXfLP
2fsQGg0FeTVHdaIkKIxSFF,"['afrofuturism', 'pop', 'post-teen pop', 'pov: indie']",WILLOW,False,85.029,2017-10-31,0.506,7.0,48.0,,1.0,4.0,The 1st,0.0335,0.601,0.254,0.512,0.107,3.35e-06,-7.86,Warm Honey,0.939645012219747,0,0.5272890992262464,0.8571738296210468,https://open.spotify.com/track/2fsQGg0FeTVHdaIkKIxSFF
1H630JHLqODWwqPEaXhn9a,"['dfw rap', 'melodic rap', 'pop', 'rap']",Post Malone,True,132.993,2016-12-09,0.571,4.0,0.0,,0.0,4.0,Stoney (Deluxe),0.0432,0.658,0.299,0.627,0.103,5.27e-06,-7.697,Cold,0.9289813339710236,0,0.5688151481260303,0.8569480968020249,https://open.spotify.com/track/1H630JHLqODWwqPEaXhn9a
5LeoQATnJHrggvY9Y35Wrs,"['detroit hip hop', 'gangster rap', 'hip hop', 'pop rap', 'rap', 'southern hip hop', 'trap']",The Game,True,84.389,2019-06-21,0.65,8.0,0.0,,1.0,4.0,West Side,0.25,0.774,0.358,0.126,0.122,2.63e-06,-6.4,West Side,0.9326075663169225,1,0.5531966994800214,0.8567253929495423,https://open.spotify.com/track/5LeoQATnJHrggvY9Y35Wrs
3v7hMuewavfpJx8sytJ4AO,"['dance pop', 'pop', 'uk pop']",Dua Lipa,False,123.963,2020-07-22,0.768,0.0,36.0,,0.0,4.0,Hallucinate (Paul Woolford Remix),0.0306,0.568,0.523,0.00237,0.196,0.012,-7.654,Hallucinate - Paul Woolford Remix,0.9301207760969797,4,0.5628452510562199,0.8566656710888279,https://open.spotify.com/track/3v7hMuewavfpJx8sytJ4AO
3aIDdmsRFNgZNXzkgRwqUG,"['barbadian pop', 'pop', 'urban contemporary']",Rihanna,False,105.91,2016-03-18,0.576,11.0,29.0,,1.0,4.0,Work (Remixes),0.221,0.806,0.452,0.0119,0.212,1.8e-05,-7.986,Work - BURNS' Late Night Rollin Remix,0.9389796952406565,1,0.5272890992262464,0.8566415760377745,https://open.spotify.com/track/3aIDdmsRFNgZNXzkgRwqUG
6yyxqE2ZdAVuD2qEL76POx,"['pop', 'r&b', 'rap']",SZA,True,111.352,2022-06-09,0.457,9.0,55.0,,1.0,4.0,Ctrl (Deluxe),0.283,0.73,0.549,0.0705,0.124,0.0,-7.26,Garden (Say It Like Dat),0.9342631250619888,1,0.5460225466655976,0.8566150093827106,https://open.spotify.com/track/6yyxqE2ZdAVuD2qEL76POx
7aXuop4Qambx5Oi3ynsKQr,"['atl hip hop', 'contemporary r&b', 'dance pop', 'pop', 'r&b', 'rap', 'south carolina hip hop', 'urban contemporary']",USHER,True,112.974,2014-11-21,0.464,4.0,66.0,,1.0,4.0,I Don't Mind (feat. Juicy J),0.178,0.87,0.457,0.205,0.0902,0.0,-8.337,I Don't Mind (feat. Juicy J),0.9182781924804052,1,0.6072165406188562,0.8560658621080954,https://open.spotify.com/track/7aXuop4Qambx5Oi3ynsKQr
5TOUVsGgdv3MBkfey1QcE3,"['neo soul', 'pop', 'pop soul', 'urban contemporary']",John Legend,False,125.862,2022-09-09,0.319,9.0,41.0,,1.0,4.0,LEGEND,0.0449,0.441,0.282,0.575,0.139,0.0,-7.532,I Don't Love You Like I Used To,0.9381850858529409,0,0.5272890992262464,0.8560058885276021,https://open.spotify.com/track/5TOUVsGgdv3MBkfey1QcE3
7s8uqVo8PbFO63eqBoxrsT,"['pop', 'r&b', 'rap']",Kehlani,True,141.183,2015-04-28,0.563,9.0,49.0,,0.0,4.0,You Should Be Here,0.0616,0.41,0.264,0.458,0.122,0.0,-7.08,You Should Be Here,0.9334447632233301,0,0.5460225466655976,0.8559603199117837,https://open.spotify.com/track/7s8uqVo8PbFO63eqBoxrsT
3mJiMnKrpIYSNRRFounMtY,['pop'],Julia Michaels,False,132.953,2019-01-24,0.463,0.0,41.0,,1.0,4.0,Inner Monologue Part 1,0.0295,0.538,0.376,0.652,0.087,0.0,-6.185,What A Time (feat. Niall Horan),0.9379627058903376,0,0.5272890992262464,0.8558279845575194,https://open.spotify.com/track/3mJiMnKrpIYSNRRFounMtY
6AwIHGScGxvN0StK4KtBA4,"['boy band', 'pop', 'post-teen pop']",Big Time Rush,False,151.866,2023-11-10,0.539,1.0,32.0,,0.0,4.0,Another Life (Deluxe Version),0.0541,0.518,0.231,0.502,0.222,2.15e-06,-10.687,Another Life,0.9368416865666708,0,0.5272890992262464,0.8549311690985859,https://open.spotify.com/track/6AwIHGScGxvN0StK4KtBA4
6eOhPYgVzJmH3Oc476NLfw,"['dance pop', 'gangster rap', 'hip hop', 'pop rap', 'r&b', 'rap', 'southern hip hop', 'trap', 'urban contemporary']",T-Pain,True,139.361,2024-02-09,0.528,0.0,48.0,,0.0,4.0,Dreaming,0.0322,0.396,0.295,0.325,0.0831,0.0,-5.035,Dreaming,0.9124797781308492,0,0.6225046180087715,0.8544847461064338,https://open.spotify.com/track/6eOhPYgVzJmH3Oc476NLfw
1Hc3yNWYf43zhBOSAM38ub,"['baton rouge rap', 'pop rap', 'rap', 'southern hip hop', 'trap']",Kevin Gates,True,140.012,2019-09-27,0.675,1.0,53.0,,1.0,4.0,I'm Him,0.28,0.821,0.405,0.088,0.248,0.0,-4.566,Push It,0.9407402127981186,1,0.509383767364929,0.8544689237114806,https://open.spotify.com/track/1Hc3yNWYf43zhBOSAM38ub
2D1MK9oaxy7axXggy3iVbp,"['hip pop', 'pop', 'queens hip hop', 'rap']",Nicki Minaj,True,146.97,2018-08-10,0.635,9.0,51.0,,1.0,4.0,Queen,0.259,0.879,0.568,0.0517,0.0786,0.0,-5.098,Rich Sex (feat. Lil Wayne),0.9249833673238754,1,0.5688151481260303,0.8537497234843066,https://open.spotify.com/track/2D1MK9oaxy7axXggy3iVbp
4FRW5Nza1Ym91BGV4nFWXI,"['canadian hip hop', 'canadian pop', 'hip hop', 'pop rap', 'rap']",Drake,True,94.966,2021-03-05,0.637,1.0,65.0,,1.0,4.0,Scary Hours 2,0.345,0.77,0.431,0.103,0.171,0.0,-5.53,Lemon Pepper Freestyle (feat. Rick Ross),0.951412558555603,1,0.46272470968681784,0.853674988781846,https://open.spotify.com/track/4FRW5Nza1Ym91BGV4nFWXI
5zI6ueoYshDD99aCEs66QG,['pop'],blackbear,True,149.945,2014-04-20,0.456,2.0,42.0,,0.0,4.0,the afterglow,0.0865,0.574,0.182,0.395,0.161,0.0,-9.435,valley girls,0.9349893977244695,0,0.5272890992262464,0.8534493380248249,https://open.spotify.com/track/5zI6ueoYshDD99aCEs66QG
72otaqywVqwyXaCjk75JKm,"['boy band', 'dance pop', 'pop']",*NSYNC,False,167.994,2005-10-25,0.535,10.0,43.0,,1.0,4.0,Greatest Hits,0.0436,0.469,0.294,0.438,0.101,0.0,-8.264,(God Must Have Spent) A Little More Time On You - Remix,0.9259800066550573,0,0.5628452510562199,0.8533530555352898,https://open.spotify.com/track/72otaqywVqwyXaCjk75JKm
6MCfCfKzkRLqn1Zfhw6qwJ,"['dance pop', 'pop', 'urban contemporary']",Jennifer Lopez,False,105.874,1999,0.444,1.0,0.0,,1.0,4.0,On The 6,0.0239,0.625,0.14,0.618,0.132,0.000138,-8.41,Promise Me You'll Try,0.9258923679590225,0,0.5628452510562199,0.853282944578462,https://open.spotify.com/track/6MCfCfKzkRLqn1Zfhw6qwJ
6NyXDWD1bH0fwBrShjSydJ,['pop'],Dove Cameron,False,121.822,2019-08-02,0.475,0.0,56.0,,1.0,5.0,Descendants 3 (Original TV Movie Soundtrack),0.0339,0.396,0.351,0.593,0.0894,0.0,-5.952,My Once Upon a Time,0.9344122807184855,0,0.5272890992262464,0.8529876444200377,https://open.spotify.com/track/6NyXDWD1bH0fwBrShjSydJ
5oqukcHWfqq7HGjyKwLX1y,"['dance pop', 'pop']",Madonna,False,79.98,1994-10-25,0.366,8.0,60.0,,1.0,4.0,Bedtime Stories,0.0258,0.568,0.311,0.417,0.0664,3.39e-06,-8.854,Take a Bow,0.9254457056522369,0,0.5628452510562199,0.8529256147330335,https://open.spotify.com/track/5oqukcHWfqq7HGjyKwLX1y
6C0vyXq2uzFRTTLcE4whhl,"['atl hip hop', 'hip hop', 'pop rap', 'rap', 'southern hip hop', 'trap']",2 Chainz,True,97.02,2022-02-04,0.68,2.0,50.0,,1.0,4.0,Dope Don't Sell Itself,0.346,0.81,0.419,0.0059,0.112,0.0,-4.871,Million Dollars Worth of Game (feat. 42 Dugg),0.9277372509241104,1,0.5531966994800214,0.8528291406352927,https://open.spotify.com/track/6C0vyXq2uzFRTTLcE4whhl
5EUZq2pJJi1X2yRHzAeDWJ,"['dance pop', 'edm', 'electro house', 'house', 'pop', 'pop dance', 'progressive house', 'uk dance']",Calvin Harris,False,140.036,2023-09-25,0.424,11.0,43.0,,0.0,3.0,Desire (with Sam Smith) [Acoustic],0.0448,0.506,0.38,0.696,0.163,8.64e-05,-10.565,Desire (with Sam Smith) - Acoustic,0.9216561019420624,0,0.5773927817191846,0.8528034378974869,https://open.spotify.com/track/5EUZq2pJJi1X2yRHzAeDWJ
5RPol8dzkr9kgmMxaXeEL8,"['dance pop', 'pop']",Jessie J,True,135.847,2018-05-24,0.656,7.0,40.0,,0.0,3.0,R.O.S.E. (Sex),0.361,0.586,0.497,0.172,0.0584,4.12e-05,-8.431,Queen,0.9250004390875498,1,0.5628452510562199,0.8525694014812839,https://open.spotify.com/track/5RPol8dzkr9kgmMxaXeEL8
6aKrbm21hq4Lvet7hQ5g3b,"['dance pop', 'edm', 'electro house', 'moombahton', 'pop', 'pop dance']",Unknown Artist,False,84.06,2013-04-16,0.496,1.0,1.0,,1.0,4.0,Free The Universe (Extended Version),0.0478,0.635,0.308,0.209,0.134,0.702,-5.59,Jessica,0.9204292098681132,3,0.5773927817191846,0.8518219242383276,https://open.spotify.com/track/6aKrbm21hq4Lvet7hQ5g3b
2KoHxhRyWxJzA0VafWd5Nk,"['pop', 'uk pop']",Sam Smith,False,143.783,2020-07-30,0.474,10.0,60.0,,0.0,4.0,My Oasis (feat. Burna Boy),0.0583,0.691,0.381,0.569,0.099,0.000626,-8.742,My Oasis (feat. Burna Boy),0.9323599735895792,0,0.5272890992262464,0.8513457987169127,https://open.spotify.com/track/2KoHxhRyWxJzA0VafWd5Nk
5mfFjwRX0Ezx3EPJ6mbm21,"['crunk', 'memphis hip hop', 'pop rap', 'rap', 'southern hip hop', 'trap']",Juicy J,True,142.024,2013-08-23,0.659,11.0,33.0,,1.0,4.0,Stay Trippy,0.319,0.818,0.441,0.0103,0.106,0.0,-5.57,Money A Do It,0.9363475143909454,1,0.509383767364929,0.8509547649857423,https://open.spotify.com/track/5mfFjwRX0Ezx3EPJ6mbm21
28E1PW3r3rQa750zdqXR9i,"['dance pop', 'pop']",Justin Timberlake,False,101.39,2006-09-12,0.363,4.0,0.0,,1.0,4.0,FutureSex/LoveSounds,0.0359,0.624,0.213,0.344,0.101,0.000179,-7.475,(Another Song) All Over Again,0.9227716624736786,0,0.5628452510562199,0.8507863801901869,https://open.spotify.com/track/28E1PW3r3rQa750zdqXR9i
1U8yhSTpk6XUuTCJNCnIku,"['atl hip hop', 'contemporary r&b', 'dance pop', 'pop', 'r&b', 'rap', 'south carolina hip hop', 'urban contemporary']",USHER,False,138.387,2008-05-27,0.499,1.0,0.0,,1.0,4.0,Here I Stand,0.148,0.608,0.505,0.0364,0.199,0.0,-7.933,Love In This Club Part II featuring Beyoncé & Lil Wayne,0.9114485780398051,1,0.6072165406188562,0.8506021705556154,https://open.spotify.com/track/1U8yhSTpk6XUuTCJNCnIku
2okC0OWtgS86P2LC18IzHy,"['hip hop', 'pittsburgh rap', 'pop rap', 'rap', 'southern hip hop', 'trap']",Wiz Khalifa,True,139.917,2016-02-05,0.522,3.0,48.0,,1.0,4.0,Khalifa,0.226,0.855,0.355,0.196,0.1,0.0,-5.54,Bake Sale (feat. Travis Scott),0.9249376555283865,1,0.5531966994800214,0.8505894643187135,https://open.spotify.com/track/2okC0OWtgS86P2LC18IzHy
7uoFMmxln0GPXQ0AcCBXRq,"['australian dance', 'australian pop', 'pop']",Sia,False,104.957,2018-11-01,0.512,1.0,76.0,,1.0,3.0,Everyday Is Christmas (Deluxe Edition),0.0331,0.716,0.326,0.483,0.0928,0.0,-6.257,Snowman,0.9313866098721822,0,0.5272890992262464,0.8505671077429952,https://open.spotify.com/track/7uoFMmxln0GPXQ0AcCBXRq
2HgGPga67UQXWW2JLuYE6E,"['atl hip hop', 'hip hop', 'pop rap', 'rap', 'trap']",Migos,True,139.023,2017-01-13,0.687,10.0,0.0,,0.0,4.0,T-Shirt,0.217,0.865,0.486,0.242,0.158,0.0,-3.744,T-Shirt,0.9336770474910736,1,0.5166660774876056,0.8502748534903801,https://open.spotify.com/track/2HgGPga67UQXWW2JLuYE6E
6IqromROlzPntuL90DRCa3,"['australian dance', 'australian pop', 'pop']",Unknown Artist,False,91.007,2005-01-01,0.439,3.0,14.0,,0.0,4.0,Colour The Small One,0.0386,0.651,0.27,0.303,0.237,0.74,-10.707,Natale's Song,0.931021069486936,3,0.5272890992262464,0.8502746754347981,https://open.spotify.com/track/6IqromROlzPntuL90DRCa3
0foRpYmPs9PHIAMyXa5bTc,"['hip hop', 'rap', 'southern hip hop', 'trap']",A$AP Mob,True,129.993,2016-10-31,0.735,0.0,44.0,,1.0,4.0,Cozy Tapes: Vol. 1 Friends -,0.302,0.845,0.45,0.135,0.147,0.0,-6.077,"Money Man (feat. A$AP Rocky, A$AP Nast & Yung Lord)",0.9463110913832983,1,0.4654388029217812,0.850136633690995,https://open.spotify.com/track/0foRpYmPs9PHIAMyXa5bTc
42OhQBFNIbMyxRGxyPOvQA,"['dance pop', 'east coast hip hop', 'hip hop', 'hip pop', 'pop rap', 'r&b', 'rap', 'southern hip hop', 'trap queen', 'urban contemporary']",Lil' Kim,False,99.429,1997-06-30,0.602,6.0,50.0,,0.0,4.0,Not Tonight EP,0.32,0.854,0.592,0.0689,0.292,0.0,-10.162,"Not Tonight (feat. Da Brat, Left Eye, Missy ""Misdemeanor"" Elliott and Angie Martinez) - Remix",0.9180080344279608,1,0.5777215297715367,0.8499507334966759,https://open.spotify.com/track/42OhQBFNIbMyxRGxyPOvQA
23xup5SPK9QGT5Rs5qUzOm,['pop'],blackbear,True,114.991,2017-04-21,0.495,2.0,0.0,,0.0,4.0,digital druglord,0.188,0.802,0.47,0.0232,0.0933,0.0,-6.154,wish u the best,0.9290058513482412,1,0.5272890992262464,0.8486625009238423,https://open.spotify.com/track/23xup5SPK9QGT5Rs5qUzOm
740kQ8xwSGloumdiKR5Cwz,"['atl hip hop', 'hip hop', 'rap', 'southern hip hop', 'trap']",Future,True,139.999,2020-05-15,0.526,0.0,56.0,,1.0,4.0,High Off Life,0.209,0.768,0.473,0.237,0.139,0.0,-7.182,Trillionaire (feat. Youngboy Never Broke Again),0.9432187726100286,1,0.4654388029217812,0.8476627786723792,https://open.spotify.com/track/740kQ8xwSGloumdiKR5Cwz
665Prhaf0Ob6J6p7SKpaQE,"['dance pop', 'pop']",Camila Cabello,False,90.011,2022-04-08,0.511,11.0,45.0,,1.0,4.0,Familia,0.124,0.75,0.449,0.132,0.222,0.0,-9.143,Quiet,0.9186433056990305,1,0.5628452510562199,0.8474836947704685,https://open.spotify.com/track/665Prhaf0Ob6J6p7SKpaQE
6WBTeFDEfAJbaSUUc1V1xQ,"['canadian pop', 'pop', 'viral pop']",Shawn Mendes,False,105.008,2018-05-25,0.738,0.0,0.0,201200.0,0.0,4.0,Shawn Mendes,0.358,0.736,0.404,0.261,0.107,0.0,-6.782,Lost In Japan,0.9264905254046122,1,0.5272890992262464,0.8466502401689391,https://open.spotify.com/track/6WBTeFDEfAJbaSUUc1V1xQ
3UKpM8G5Py5oKFafPTGg75,"['detroit hip hop', 'hip hop', 'pop rap', 'r&b', 'rap', 'southern hip hop', 'trap']",Big Sean,False,75.498,2017-02-02,0.525,10.0,25.0,,0.0,4.0,I Decided.,0.253,0.825,0.425,0.0508,0.134,0.0,-5.368,Moves,0.9175704518953959,1,0.5626878516093151,0.8465939318381798,https://open.spotify.com/track/3UKpM8G5Py5oKFafPTGg75
5LXj9Ch3O9ATm1NoHT8GXn,"['permanent wave', 'pop']",Coldplay,False,120.056,2017-03-02,0.683,5.0,46.0,,1.0,4.0,Hypnotised,0.032,0.513,0.153,0.339,0.0871,0.739,-6.185,Hypnotised,0.9119709630807241,3,0.5272890992262464,0.8350345903098286,https://open.spotify.com/track/5LXj9Ch3O9ATm1NoHT8GXn
1FMRxA2Ql5vSsnWFuaDbsu,"['dance pop', 'edm', 'pop', 'pop dance']",Avicii,False,128.01,2012-04-27,0.521,5.0,40.0,,0.0,4.0,Silhouettes,0.0604,0.716,0.365,0.064,0.0517,0.691,-8.19,Silhouettes - Original Mix,0.8794284462928772,3,0.5773927817191846,0.8190213133781388,https://open.spotify.com/track/1FMRxA2Ql5vSsnWFuaDbsu
5ZMqdwtZvvNrpUUTijZem6,"['permanent wave', 'pop']",Coldplay,False,120.025,2003-03-24,0.709,1.0,37.0,,0.0,4.0,Clocks,0.033,0.49,0.538,0.267,0.163,0.599,-6.039,Crests of Waves,0.8898488084475199,3,0.5272890992262464,0.8173368666032652,https://open.spotify.com/track/5ZMqdwtZvvNrpUUTijZem6
23zJcKwLf5CeaKVbFhrWgF,"['pop', 'r&b en espanol']",ROSALÍA,False,122.848,2019-11-07,0.409,0.0,57.0,,0.0,4.0,A Palé,0.0903,0.63,0.332,0.119,0.121,0.629,-8.83,A Palé,0.8891448477904002,3,0.5272890992262464,0.8167736980775694,https://open.spotify.com/track/23zJcKwLf5CeaKVbFhrWgF
4hDOLwfI6T3H0tpLFFpi2m,"['dance pop', 'pop', 'pop rap']",Black Eyed Peas,False,128.01,2010-01-01,0.753,10.0,0.0,,1.0,4.0,The Beginning,0.0304,0.536,0.393,0.00101,0.105,0.649,-7.467,Play It Loud,0.8600398103396097,3,0.6362926548501134,0.8152903792417105,https://open.spotify.com/track/4hDOLwfI6T3H0tpLFFpi2m
0xRdK85KUPVppTaMB5nqCb,"['alt z', 'dance pop', 'pop', 'transpop']",Kim Petras,False,114.006,2020-10-23,0.659,0.0,38.0,,1.0,4.0,TURN OFF THE LIGHT,0.0434,0.789,0.108,0.358,0.0713,0.915,-8.77,Purgatory,0.874816487232844,3,0.5528594389870153,0.8104250775836783,https://open.spotify.com/track/0xRdK85KUPVppTaMB5nqCb
0JhKJg5ejeQ8jq89UQtnw8,"['dance pop', 'edm', 'pop', 'pop dance']",Avicii,False,126.035,2011-10-28,0.881,1.0,0.0,,0.0,4.0,Levels,0.0372,0.62,0.415,0.0585,0.311,0.714,-5.851,Levels - Radio Edit,0.8577539126078287,3,0.5773927817191846,0.8016816864301,https://open.spotify.com/track/0JhKJg5ejeQ8jq89UQtnw8
3m3ylOXgB3v9xmDSIJyx9S,"['modern alternative rock', 'modern rock', 'pop']",The Neighbourhood,False,96.989,2020-12-11,0.685,10.0,56.0,,1.0,4.0,Chip Chrome & The Mono-Tones (Deluxe),0.0272,0.627,0.552,0.0534,0.096,0.756,-6.871,The Shining,0.8656042118867239,3,0.5272890992262464,0.7979411893546284,https://open.spotify.com/track/3m3ylOXgB3v9xmDSIJyx9S
4t2OeILB07eMGTXSUbMPEu,"['art pop', 'pop']",Billie Eilish,False,124.951,2021-07-30,0.598,11.0,70.0,,1.0,4.0,Happier Than Ever,0.058,0.757,0.18,0.0904,0.15,0.551,-7.777,Oxytocin,0.8654870986938477,3,0.5272890992262464,0.7978474988003275,https://open.spotify.com/track/4t2OeILB07eMGTXSUbMPEu
2XtiJWLCPzR9AyUKMEgu3a,"['complextro', 'edm', 'german techno', 'pop', 'pop dance']",Zedd,False,127.993,2012-01-01,0.629,8.0,28.0,,1.0,3.0,Clarity,0.0674,0.505,0.382,0.000186,0.0541,0.758,-6.404,Epos,0.8691386381785074,3,0.5115850362076537,0.7976279177843368,https://open.spotify.com/track/2XtiJWLCPzR9AyUKMEgu3a
5hdAQegqnitMjNacfLOHQd,"['dance pop', 'edm', 'pop', 'pop dance', 'progressive electro house']",Alesso,False,124.01,2018-11-30,0.842,7.0,36.0,,1.0,4.0,Tilted Towers,0.0331,0.702,0.175,0.000771,0.28,0.828,-5.059,Tilted Towers,0.8441105683644613,3,0.5773927817191846,0.790767011035406,https://open.spotify.com/track/5hdAQegqnitMjNacfLOHQd
2MvvoeRt8NcOXWESkxWn3g,"['art pop', 'metropopolis', 'nz pop', 'pop']",Lorde,False,127.978,2013-09-27,0.472,4.0,78.0,,1.0,4.0,Pure Heroine,0.091,0.511,0.0399,0.534,0.11,0.614,-9.277,Ribs,0.8548525472482046,3,0.5272890992262464,0.789339857643813,https://open.spotify.com/track/2MvvoeRt8NcOXWESkxWn3g
0S2yschjgB83d2FyEon6F9,"['chinese electropop', 'mandopop', 'taiwan indie', 'taiwan pop']",Astro Bunny,False,95.996,2015-06-03,0.626,5.0,0.0,,1.0,4.0,被你遺忘的森林,0.0281,0.643,0.428,0.334,0.165,0.625,-7.293,被你遺忘的森林,0.9268764654795328,3,0.1920061442949277,0.7799024012426119,https://open.spotify.com/track/0S2yschjgB83d2FyEon6F9
5HYwRSalrvZC7ZTT8BuDR7,"['dance pop', 'edm', 'pop', 'pop dance']",Galantis,False,126.001,2015-02-16,0.651,10.0,41.0,,0.0,4.0,Runaway (U & I) [Remixes],0.0394,0.491,0.131,0.164,0.0995,0.366,-6.772,Runaway (U & I) - Yacht Club Remix,0.8286424875259399,3,0.5773927817191846,0.778392546364589,https://open.spotify.com/track/5HYwRSalrvZC7ZTT8BuDR7
49CHpBYoeE9j0QIXy9dKI7,"['dance pop', 'pop']",Doja Cat,True,154.007,2023-01-20,0.877,5.0,45.0,,1.0,4.0,I Don't Do Drugs (Y2K Remix),0.04,0.566,0.347,0.0198,0.0871,0.603,-6.975,I Don't Do Drugs - Y2K Remix,0.8322005867958069,3,0.5628452510562199,0.7783295196478895,https://open.spotify.com/track/49CHpBYoeE9j0QIXy9dKI7
6cIve9jrdy8qBm4YLswXoB,"['indie poptimism', 'pop']",Labrinth,False,123.009,2022-04-22,0.35,9.0,44.0,,0.0,4.0,EUPHORIA SEASON 2 OFFICIAL SCORE (FROM THE HBO ORIGINAL SERIES),0.101,0.852,0.447,0.0653,0.1,0.812,-9.361,ICE (We Should Do Drugs),0.8406663537025452,3,0.5272890992262464,0.7779909028072854,https://open.spotify.com/track/6cIve9jrdy8qBm4YLswXoB
5mZMrL3ZCItg53m7XNq7HZ,"['detroit hip hop', 'hip hop', 'rap']",Eminem,False,84.614,2005-04-25,0.635,2.0,0.0,,1.0,4.0,Mockingbird (International Version),0.111,0.708,0.439,0.122,0.133,0.917,-5.997,Mockingbird - Instrumental,0.8824677666028341,3,0.35026880037949704,0.7760279733581666,https://open.spotify.com/track/5mZMrL3ZCItg53m7XNq7HZ
7dVuVhepbuDlsDmCWgkipN,"['canadian electronic', 'complextro', 'edm', 'electro house', 'pop dance', 'progressive house']",deadmau5,False,128.787,2009,0.567,1.0,0.0,,1.0,4.0,For Lack of a Better Name,0.0743,0.513,0.316,0.0919,0.163,0.841,-13.924,Lack of a Better Name,0.9033690194288889,3,0.253711451667379,0.773437505876587,https://open.spotify.com/track/7dVuVhepbuDlsDmCWgkipN
2WW3PfGHh0aA2xCAyK6X1J,"['dutch edm', 'edm', 'pop', 'pop dance', 'progressive house']",Martin Garrix,False,128.125,2015-11-02,0.756,7.0,48.0,,0.0,4.0,Poison,0.0363,0.502,0.062,0.00429,0.377,0.769,-6.118,Poison,0.8371828397115072,3,0.5115850362076537,0.7720632790107365,https://open.spotify.com/track/2WW3PfGHh0aA2xCAyK6X1J
2FDpKjiOdqQPNCP97tIYCF,"['dance pop', 'edm', 'electro house', 'moombahton', 'pop dance']",Diplo,False,124.034,2022-03-04,0.584,1.0,26.0,,1.0,4.0,Diplo,0.0388,0.697,0.444,0.0852,0.137,0.551,-8.498,Your Eyes,0.8744709193706512,3,0.36228525252840743,0.7720337860022025,https://open.spotify.com/track/2FDpKjiOdqQPNCP97tIYCF
4aJnMRNeuDZSQN7FaSNGtM,"['chillwave', 'edm', 'indietronica']",ODESZA,False,96.062,2012-09-05,0.579,0.0,63.0,,0.0,4.0,Summer's Gone,0.0293,0.707,0.357,0.384,0.408,0.72,-6.198,How Did I Get Here,0.9183104634284973,3,0.17083871895897992,0.7688161145345939,https://open.spotify.com/track/4aJnMRNeuDZSQN7FaSNGtM
42BybLW0zc7x7ebEfy02pZ,"['dance pop', 'edm', 'pop', 'pop dance', 'progressive electro house']",Alesso,False,123.995,2022-05-27,0.908,0.0,35.0,,1.0,4.0,Words (feat. Zara Larsson) [Alesso VIP Mix],0.0477,0.755,0.349,0.0015,0.0339,0.619,-4.464,Words (feat. Zara Larsson) [Alesso VIP Mix],0.8158354957898458,3,0.5773927817191846,0.7681469529757137,https://open.spotify.com/track/42BybLW0zc7x7ebEfy02pZ
1yFPmZOrOyO8rHIxSs4NVZ,"['dance pop', 'pop']",Madonna,False,133.017,2006-02-13,0.856,0.0,23.0,,0.0,4.0,Sorry (DJ Version),0.0283,0.57,0.584,0.000252,0.0453,0.687,-7.407,Sorry - PSB Maxi-Mix,0.8193798462549845,3,0.5628452510562199,0.7680729272152316,https://open.spotify.com/track/1yFPmZOrOyO8rHIxSs4NVZ
1cTHUMdInmZvxVCHnzHOj2,"['big room', 'dance pop', 'edm', 'pop', 'pop dance']",David Guetta,False,125.027,2023-02-17,0.973,9.0,0.0,,1.0,4.0,The Freaks,0.101,0.71,0.301,0.647,0.134,0.928,-7.298,The Freaks,0.8147609631220499,3,0.5773927817191846,0.7672873268414769,https://open.spotify.com/track/1cTHUMdInmZvxVCHnzHOj2
2ctLNgkXfAsPNE8QXEHhp2,"['canadian electronic', 'complextro', 'edm', 'electro house', 'pop dance', 'progressive house']",deadmau5,False,123.954,2016-09-23,0.67,7.0,0.0,,1.0,4.0,Strobe (Remixes),0.0532,0.653,0.481,0.13,0.102,0.829,-11.797,Strobe - Lane 8 Remix,0.8955116073290507,3,0.253711451667379,0.7671515761967164,https://open.spotify.com/track/2ctLNgkXfAsPNE8QXEHhp2
0J67SeAqemmeTxZ5K4X33E,"['edm', 'electronic trap', 'pop', 'pop dance']",DJ Snake,False,99.995,2013-03-05,0.668,7.0,32.0,,1.0,4.0,Jeffree's Vol. 7,0.0479,0.719,0.166,0.000352,0.0851,0.498,-6.35,Bird Machine,0.8302286465962728,3,0.5115850362076537,0.7664999245185491,https://open.spotify.com/track/0J67SeAqemmeTxZ5K4X33E
2BKawKIR2ZBMX4DLK6oB0c,"['edm', 'electronic trap', 'pop', 'pop dance']",DJ Snake,False,99.995,2013-11-04,0.668,7.0,39.0,,1.0,4.0,Bird Machine,0.0479,0.719,0.166,0.000352,0.0851,0.498,-6.35,Bird Machine,0.8302286465962728,3,0.5115850362076537,0.7664999245185491,https://open.spotify.com/track/2BKawKIR2ZBMX4DLK6oB0c
6GAKSwEDt4y77MwPudwXkM,"['chillwave', 'edm', 'indietronica']",ODESZA,False,132.981,2015-09-18,0.634,1.0,38.0,,1.0,4.0,In Return (Deluxe Edition),0.0348,0.574,0.245,0.546,0.242,0.71,-7.98,Light,0.9141995310783386,3,0.17083871895897992,0.7655273686544669,https://open.spotify.com/track/6GAKSwEDt4y77MwPudwXkM
3g9GwkLllMKebpLsFC6g6a,"['dance pop', 'edm', 'electro house', 'house', 'pop', 'pop dance', 'progressive house', 'uk dance']",Calvin Harris,False,128.023,2019-04-05,0.88,5.0,20.0,,1.0,4.0,I'm Not Alone 2019,0.0442,0.566,0.0334,0.000707,0.103,0.893,-8.354,I'm Not Alone - Thomas Schumacher Remix,0.8124326864878336,3,0.5773927817191846,0.7654247055341039,https://open.spotify.com/track/3g9GwkLllMKebpLsFC6g6a
19vON6uvI3EKgbOz9FSeQP,"['indie poptimism', 'pop']",Labrinth,False,168.434,2019-10-04,0.305,9.0,39.0,,1.0,5.0,Euphoria (Original Score from the HBO Series),0.0991,0.757,0.235,0.0116,0.169,0.875,-11.428,Following Tyler,0.8249456882476807,3,0.5272890992262464,0.7654143704433939,https://open.spotify.com/track/19vON6uvI3EKgbOz9FSeQP
50bytPzGRE3t1dyGa6eL12,"['east coast hip hop', 'golden age hip hop', 'hip hop', 'old school hip hop', 'queens hip hop', 'rap']",Run–D.M.C.,False,95.819,2019-05-31,0.586,7.0,21.0,,1.0,4.0,The Instrumentals Vol. 2,0.0413,0.761,0.274,0.00059,0.314,0.783,-11.098,Down with the King - Instrumental,0.8678903977076212,3,0.35026880037949704,0.7643660782419964,https://open.spotify.com/track/50bytPzGRE3t1dyGa6eL12
44WTY1d9M86PEAgPZNeHHe,"['dance pop', 'pop']",Madonna,False,128.002,2005-11-11,0.894,9.0,45.0,,0.0,4.0,Confessions on a Dance Floor,0.0331,0.61,0.466,0.000718,0.516,0.722,-7.244,I Love New York,0.8144179383913676,3,0.5628452510562199,0.764103400924338,https://open.spotify.com/track/44WTY1d9M86PEAgPZNeHHe
4R6XSF33V92Cgqs038Ugcy,[],edapollo,False,126.016,2023-03-30,0.655,0.0,29.0,,1.0,4.0,Only You,0.0429,0.643,0.31,0.363,0.18,0.699,-8.879,Only You,0.9540885239839554,3,0.0,0.7632708191871643,https://open.spotify.com/track/4R6XSF33V92Cgqs038Ugcy
5RDblgioDsBpI6XLbWDULy,"['big room', 'dance pop', 'edm', 'pop', 'pop dance']",David Guetta,False,126.107,2020-07-17,0.901,6.0,35.0,,0.0,4.0,New Rave,0.0705,0.651,0.0656,0.00784,0.124,0.966,-7.102,Odyssey,0.8090836803118387,3,0.5773927817191846,0.762745500593308,https://open.spotify.com/track/5RDblgioDsBpI6XLbWDULy
3TTMESPMxybEdsMsP1f8Xm,"['edm', 'pop dance', 'pop house', 'uk dance']",MEDUZA,False,124.01,2021-05-14,0.673,8.0,0.0,,1.0,4.0,Headrush (feat. Elroii),0.0613,0.623,0.384,0.0537,0.155,0.65,-8.252,Headrush (feat. Elroii),0.8898278971513113,3,0.253711451667379,0.7626046080545248,https://open.spotify.com/track/3TTMESPMxybEdsMsP1f8Xm
4qI0y8tnQ7HlOg1lyPIVf3,['trip hop'],Blue States,False,129.96,2002,0.564,9.0,0.0,,1.0,4.0,Man Mountain,0.0268,0.557,0.353,0.293,0.127,0.743,-11.338,Metro Sound,0.9519949704408646,3,0.0,0.7615959763526917,https://open.spotify.com/track/4qI0y8tnQ7HlOg1lyPIVf3
3yrTYsLPUA7Xjq5k8B1Sj3,[],Love Spells,False,114.971,2023-05-24,0.554,7.0,42.0,,1.0,4.0,Over and Over,0.0285,0.567,0.24,0.267,0.201,0.855,-7.522,Over and Over,0.9517076313495636,3,0.0,0.761366105079651,https://open.spotify.com/track/3yrTYsLPUA7Xjq5k8B1Sj3
5EU5T4pvPG6Bedaepnhhxk,['bedroom pop'],Spencer.,False,135.917,2018-03-21,0.549,4.0,40.0,,0.0,4.0,VISCERAL LOVE,0.0271,0.642,0.338,0.335,0.124,0.781,-9.077,OPEN WIDE,0.9514552156130472,3,0.0,0.7611641724904379,https://open.spotify.com/track/5EU5T4pvPG6Bedaepnhhxk
